QZDIsJuRanRKWNbMD01|||kabjsd@kagsaksbdasbdkhabsd|||asdasd|||dasdasda|||Moderada|||sdasdasd|||1467672719
9ahCFUsWD4RLrWH0E3z|||kabjsd@kagsaksbdasbdkhabsd|||asdasd|||dasdasda|||Moderada|||sdasdasd|||1467672833
HIdwf2Fe0XVTXEtoE9f|||rt|||rt|||tr|||Moderada|||rt|||1467672842
DlTvwU5rffuNoQpERoV|||rt|||rt|||tr|||Moderada|||rt|||1467672939
neNhycomU0Ki3fyLXE9|||rtfy|||t|||r|||Moderada|||t|||1467672949
FVIaWAOB0wRKqspHgId|||d|||d|||d|||Moderada|||dasnkdnlasnldlnkasnlkdalksndlnkalnksdlknalknsdlknalknsdlnkalnksd|||1467673174
OmoYyN2JIHhnayrByCF|||d|||d|||d|||Moderada|||dasnkdnlasnldlnkasnlkdalksndlnkalnksdlknalknsdlknalknsdlnkalnksd|||1467673242
HfXyUa9QbCKga7uOd09|||s|||s|||s|||Moderada|||ssssssssssssssssssssslkjabkjbdkjabskjd|||1467673418
8gC9mi07Y3YIP5pyxt3|||tyrty|||rtyr|||yrt|||Moderada|||yrtyrtyrtyrtyrtyrtyrtyrtyrt|||1467673466
O2hvhjKsQVRSSguySx7|||skjdbf|||sldjk|||kljasdbf|||Moderada|||sakljdbfksjdbfkjsbdkfjsbkdjfbksdbf|||1467673531
eDAK4kSIwTq2LkA52Et|||skjdbf|||sldjk|||kljasdbf|||Moderada|||sakljdbfksjdbfkjsbdkfjsbkdjfbksdbf|||1467673572
